[{"ops":[{"insert":"{\n  \"1\": {\n    \"title\": \"Tecniche di irrigazione sostenibile per risparmiare acqua\",\n    \"subtitle\": \"Risparmio idrico in agricoltura\",\n    \"description\": \"Scopri le moderne tecniche di irrigazione che permettono di ottimizzare l'uso dell'acqua mantenendo elevata la produttività delle colture. L'irrigazione a goccia, l'irrigazione per aspersione e altri metodi innovativi stanno trasformando il modo in cui gestiamo l'acqua nei campi.\",\n    \"imageUrl\": \"https://images.unsplash.com/photo-1523348837708-15d4a09cfac2?ixlib=rb-4.0.3&ixid=MnwxMjA3fDB8MHxwaG90by1wYWdlfHx8fGVufDB8fHx8&auto=format&fit=crop&w=1470&q=80\",\n    \"authorId\": 1,\n    \"id\": 1,\n    \"createdAt\": \"2025-03-29T11:19:09.739Z\",\n    \"updatedAt\": \"2025-03-29T11:19:09.739Z\"\n  },\n  \"2\": {\n    \"title\": \"Guida alla corretta fertilizzazione del terreno\",\n    \"subtitle\": \"Nutrire il suolo per colture sane\",\n    \"description\": \"Una fertilizzazione equilibrata è fondamentale per la salute delle piante. Ecco come pianificare un programma efficace per il tuo terreno, considerando i macro e micronutrienti necessari per ogni tipo di coltura e fase di crescita.\",\n    \"imageUrl\": \"https://images.unsplash.com/photo-1574943320219-5c1e677f23e9?ixlib=rb-4.0.3&ixid=MnwxMjA3fDB8MHxwaG90by1wYWdlfHx8fGVufDB8fHx8&auto=format&fit=crop&w=1472&q=80\",\n    \"authorId\": 1,\n    \"id\": 2,\n    \"createdAt\": \"2025-03-29T11:19:09.740Z\",\n    \"updatedAt\": \"2025-03-29T11:19:09.740Z\"\n  },\n  \"3\": {\n    \"title\": \"Agricoltura di precisione: tecnologie e vantaggi\",\n    \"subtitle\": \"Il futuro dell'agricoltura è digitale\",\n    \"description\": \"L'agricoltura di precisione permette di ottimizzare gli interventi in campo. Ecco le tecnologie disponibili e i benefici economici e ambientali che possono portare alla tua azienda agricola, dal risparmio di input alla maggiore sostenibilità.\",\n    \"imageUrl\": \"https://images.unsplash.com/photo-1625246333195-78d9c38ad449?ixlib=rb-4.0.3&ixid=MnwxMjA3fDB8MHxwaG90by1wYWdlfHx8fGVufDB8fHx8&auto=format&fit=crop&w=1470&q=80\",\n    \"authorId\": 1,\n    \"id\": 3,\n    \"createdAt\": \"2025-03-29T11:19:09.740Z\",\n    \"updatedAt\": \"2025-03-29T11:19:09.740Z\"\n  }\n}"}],"crc32":3531390265,"timestamp":1743247149,"tsString":"2025-03-29 11:03:20.0 +00:00:00","version":1}]