[{"ops":[{"insert":"{\"version\":2,\"languages\":{\"bun\":{\"specfileHash\":\"32991b75897b14c8d4497db3c914be2b\",\"lockfileHash\":\"932c1296cce123aa682ae00c18ba1262\",\"guessedImports\":[\"@replit/vite-plugin-shadcn-theme-json\",\"tailwindcss\",\"@tailwindcss/typography\",\"vite\",\"@vitejs/plugin-react\",\"@replit/vite-plugin-runtime-error-modal\",\"drizzle-kit\",\"tailwindcss-animate\"],\"guessedImportsHash\":\"36ddde7162d77428665ff0a9fbe22ced\"},\"nodejs-npm\":{\"specfileHash\":\"59cd30f3af5812ccec545237886dbe45\",\"lockfileHash\":\"f65facd1534edc6da619b3f96b469fd5\"}}}\n"}],"crc32":183364861,"timestamp":1743285159,"tsString":"2025-03-29 22:03:20.0 +00:00:00","version":1}]